,count,mean,std,min,25%,50%,75%,max
customer_id,3900.0,1950.5,1125.9773532358456,1.0,975.75,1950.5,2925.25,3900.0
age,3900.0,44.06846153846154,15.207589127162382,18.0,31.0,44.0,57.0,70.0
purchase_amount_usd,3900.0,59.76435897435898,23.685392250875307,20.0,39.0,60.0,81.0,100.0
review_rating,3900.0,3.7499487179487176,0.7162228139312417,2.5,3.1,3.7,4.4,5.0
previous_purchases,3900.0,25.35153846153846,14.447125170462309,1.0,13.0,25.0,38.0,50.0
