category,count,mean,median,std
Footwear,599,60.25542570951586,60.0,23.638438732916338
Clothing,1737,60.025331030512376,60.0,23.79246004944205
Accessories,1240,59.83870967741935,60.0,23.301230226167274
Outerwear,324,57.17283950617284,54.5,24.59003303007099
