subscription_status,count,mean,median,std
No,2847,59.865121180189675,60.0,23.775198981805616
Yes,1053,59.49192782526116,60.0,23.449913888840303
