,customer_id,age,purchase_amount_usd,review_rating,previous_purchases
customer_id,1.0,-0.004078574196993851,0.011047801208480165,0.0013430115755501313,-0.03915852550029463
age,-0.004078574196993851,1.0,-0.010423647378686554,-0.021949148075933327,0.040444531142894743
purchase_amount_usd,0.011047801208480165,-0.010423647378686554,1.0,0.030775923073914486,0.008063412270587633
review_rating,0.0013430115755501313,-0.021949148075933327,0.030775923073914486,1.0,0.004229099465270824
previous_purchases,-0.03915852550029463,0.040444531142894743,0.008063412270587633,0.004229099465270824,1.0
