age_group,purchase_amount_usd
<25,60.64798598949212
25-34,59.76010781671159
35-44,59.305898491083674
45-54,60.58300132802125
55+,59.055203619909506
